user_id,search_keyword,search_result_count,created_at
1653680,Crayon,260,2021-03-10 00:00:00 UTC
524339,NARNIA,15,2021-03-10 00:00:00 UTC
394624,teman tapi menikah,20,2021-03-10 00:00:00 UTC
10971619,PUEBI,13,2021-03-10 00:00:00 UTC
10902241,amu terlalu banyak bercanda,120,2021-03-10 00:00:00 UTC
8218525,Tematik 3 tema 7 kelas 3,20,2021-03-10 00:00:00 UTC
3048717,Perahu kertas,240,2021-03-10 00:00:00 UTC
12930590,buku bahasa jepang,140,2021-03-10 00:00:00 UTC
14550415,Komik,80,2021-03-10 00:00:00 UTC
13980445,On writing,136,2021-03-10 00:00:00 UTC
10971619,pengembangan peserta didik,20,2021-03-10 00:00:00 UTC
10425000,blockchain basics,35,2021-03-10 00:00:00 UTC
9201322,regional,8,2021-03-10 00:00:00 UTC
11029540,contagious,33,2021-03-10 00:00:00 UTC
1416843,JOE GOLDBLATT,40,2021-03-10 00:00:00 UTC
9957887,INTELIJEN PROFESI UNIK ORANG2 ANEH,20,2021-03-10 00:00:00 UTC
10714182,how to respect my self,20,2021-03-10 00:00:00 UTC
10971619,psikologi perkembangan,9,2021-03-10 00:00:00 UTC
1845121,Nisekoi,4,2021-03-10 00:00:00 UTC
13511806, Agrina / ED 317 2020,20,2021-03-10 00:00:00 UTC
7716716,perpajakan indonesia,13,2021-03-10 00:00:00 UTC
433487,Fairy Tail 100 Years Quest 03,120,2021-03-10 00:00:00 UTC
7688508,BISNIS WARALABA INDOMARET: 7 LANGKAH CERDAS MENJADI INVESTOR,20,2021-03-10 00:00:00 UTC
7943483,ilmu tanah,152,2021-03-10 00:00:00 UTC
7813474,express,20,2021-03-10 00:00:00 UTC
807513,virtual reality,57,2021-03-10 00:00:00 UTC
1015602,Apa itu,15,2021-03-10 00:00:00 UTC
9957887, ETIKA PRAKTIS INTELIJEN,4,2021-03-10 00:00:00 UTC
848337,bhisma murti,6,2021-03-10 00:00:00 UTC
1416843,SIARAN TELEVISI NON DRAMA,20,2021-03-10 00:00:00 UTC
14550654,Attack on titan 01,18,2021-03-10 00:00:00 UTC
814723,korea,20,2021-03-10 00:00:00 UTC
7898867,Tata Bahasa Baku Bahasa Indonesia tahun 2018,20,2021-03-10 00:00:00 UTC
14550681,traces of love,100,2021-03-10 00:00:00 UTC
8170794,kayanya negeriku,280,2021-03-10 00:00:00 UTC
646818,the lovable lady,20,2021-03-10 00:00:00 UTC
14550527,Doraemon 45,40,2021-03-10 00:00:00 UTC
7898867,osn matematika,40,2021-03-10 00:00:00 UTC
9174535,TIGRIS,4,2021-03-10 00:00:00 UTC
14493369,dunia sophie,20,2021-03-10 00:00:00 UTC
7506568,pengantar hukum administrasi indonesia,40,2021-03-10 00:00:00 UTC
848337,belajar tidak menakutkan,20,2021-03-10 00:00:00 UTC
7760739,freedom is not free,40,2021-03-10 00:00:00 UTC
253754,john maxwell,20,2021-03-10 00:00:00 UTC
543966,One Piece,60,2021-03-10 00:00:00 UTC
7760739,21 hukum kepemimpinan,133,2021-03-10 00:00:00 UTC
12712087,Etika komunikasi haryatmoko,20,2021-03-10 00:00:00 UTC
9229966,al ihsan,20,2021-03-10 00:00:00 UTC
9228200,paulo freire,18,2021-03-10 00:00:00 UTC
7506568,poster,40,2021-03-10 00:00:00 UTC
12930590,peter l berger,60,2021-03-10 00:00:00 UTC
14550539,seratus tahun kesunyian,20,2021-03-10 00:00:00 UTC
12930590,buku alus kasar,220,2021-03-10 00:00:00 UTC
1416843,life span,38,2021-03-10 00:00:00 UTC
9997225,bandung,100,2021-03-10 00:00:00 UTC
14550369,Harry potter,8,2021-03-10 00:00:00 UTC
14240884,the Fist of,160,2021-03-10 00:00:00 UTC
7730507,kami bukan sarjana kertas,140,2021-03-10 00:00:00 UTC
140089,just be mine,19,2021-03-10 00:00:00 UTC
9176725,teaching and learning,40,2021-03-10 00:00:00 UTC
14439406,stiker laptop,180,2021-03-10 00:00:00 UTC
12930590,ao haru ride,240,2021-03-10 00:00:00 UTC
8741613,Persiapan menghadapi AKM,20,2021-03-10 00:00:00 UTC
10971619,doraemon petualangan 4,20,2021-03-10 00:00:00 UTC
911386,Tuan ,60,2021-03-10 00:00:00 UTC
7898867,SANTUNAN TAMU ALLAH,20,2021-03-10 00:00:00 UTC
12930590,muhammad nuruddin,80,2021-03-10 00:00:00 UTC
9183504,365 Bedtime Stories,54,2021-03-10 00:00:00 UTC
9229966,interaksi manusia dan komputer,40,2021-03-10 00:00:00 UTC
1169423,dewa,60,2021-03-10 00:00:00 UTC
7556648,"DEAR, IMAMKU",4,2021-03-10 00:00:00 UTC
192269,The secrets of salam,320,2021-03-10 00:00:00 UTC
14493189,TES BUTA WARNA,102,2021-03-10 00:00:00 UTC
7813474,hendro priono,6,2021-03-10 00:00:00 UTC
14550527,Doraemon,80,2021-03-10 00:00:00 UTC
7941330,Haikyu!!: Fly High! Volleyball! 19,20,2021-03-10 00:00:00 UTC
9207269,human development,24,2021-03-10 00:00:00 UTC
9183504,Trik Rahasia Sales Profesional - Ternyata Berjualan Itu Mudah,20,2021-03-10 00:00:00 UTC
10242564,Faradita,32,2021-03-10 00:00:00 UTC
8218525,TTS Pilihan Kompas Jilid 16,20,2021-03-10 00:00:00 UTC
13090609,my hero academia,60,2021-03-10 00:00:00 UTC
584103,this change everything,20,2021-03-10 00:00:00 UTC
1416843,MENGENDALIKAN HAWA NAFSU,20,2021-03-10 00:00:00 UTC
7065587,kimetsu no yaiba,57,2021-03-10 00:00:00 UTC
8739604,secret garden,85,2021-03-10 00:00:00 UTC
8739604,food lab,40,2021-03-10 00:00:00 UTC
7941142,me before you,20,2021-03-10 00:00:00 UTC
192269,The secret of salam,20,2021-03-10 00:00:00 UTC
10425000,SD/MI KELAS II JILID KURIKULUM 2013 PEND. PANACASILA,40,2021-03-10 00:00:00 UTC
41813,SHIMMER ,20,2021-03-10 00:00:00 UTC
7941142,robert gal,8,2021-03-10 00:00:00 UTC
7813474,THE LOST SYMBOL (SC)-NEW,20,2021-03-10 00:00:00 UTC
7943483, asuhan kebidanan,20,2021-03-10 00:00:00 UTC
848337,riset dan prinsip,80,2021-03-10 00:00:00 UTC
7908795,mukjizat alquran quraisy syihab,20,2021-03-10 00:00:00 UTC
42695,Gege,2,2021-03-10 00:00:00 UTC
9202704,revit,9,2021-03-10 00:00:00 UTC
9201322,hukum wairs,40,2021-03-10 00:00:00 UTC
848337,jujutsu,4,2021-03-10 00:00:00 UTC
14493189,SILENT PATIEN,60,2021-03-10 00:00:00 UTC
12418585,the promised neverland 9,19,2021-03-10 00:00:00 UTC
14439406,5sos,12,2021-03-10 00:00:00 UTC
7716716,entrepreneurship teori,100,2021-03-10 00:00:00 UTC
14550376,The 4 hours workweek,20,2021-03-10 00:00:00 UTC
8236020,negeri para peri,40,2021-03-10 00:00:00 UTC
901714,book,520,2021-03-10 00:00:00 UTC
14439406,cole sprouse,2,2021-03-10 00:00:00 UTC
14550539,teori komunikasi,135,2021-03-10 00:00:00 UTC
10712098,detektif conan,20,2021-03-10 00:00:00 UTC
911386,I Want to Die but I Want to Eat Tteokpokki,40,2021-03-10 00:00:00 UTC
584103,seni negoisasi,60,2021-03-10 00:00:00 UTC
9174535,hukum pemda,76,2021-03-10 00:00:00 UTC
13980445,Sistem cepat Belajar bahasa arab,40,2021-03-10 00:00:00 UTC
9207269,human development papalia,160,2021-03-10 00:00:00 UTC
7943483,asauhan kebidanan komunitas,40,2021-03-10 00:00:00 UTC
7506568,The School for Good and Evil 5,120,2021-03-10 00:00:00 UTC
8460651,dua barista,260,2021-03-10 00:00:00 UTC
9170788,LKPD,1,2021-03-10 00:00:00 UTC
614715,KSN,4,2021-03-10 00:00:00 UTC
7943483,attack before fall,42,2021-03-10 00:00:00 UTC
91832,harry potter,40,2021-03-10 00:00:00 UTC
12707044,Kamus+jerman,36,2021-03-10 00:00:00 UTC
7580351,perang salib,26,2021-03-10 00:00:00 UTC
7760739,garden block,120,2021-03-10 00:00:00 UTC
7943483,ASUHAN KEBIDANAN KOMUNITAS,15,2021-03-10 00:00:00 UTC
14439406,1D,10,2021-03-10 00:00:00 UTC
848337,i hate diet,100,2021-03-10 00:00:00 UTC
12930590,pembelajaran di era 4.,120,2021-03-10 00:00:00 UTC
399943,Clockwork Angel,36,2021-03-10 00:00:00 UTC
12217258,One Hundred Years of Solitude,20,2021-03-10 00:00:00 UTC
8450754,UNDANG UNDANG CIPTA KERJA,20,2021-03-10 00:00:00 UTC
7734837,lima sekawan,180,2021-03-10 00:00:00 UTC
9194110,jk rowling,52,2021-03-10 00:00:00 UTC
2022714,Detektif conan 98,100,2021-03-10 00:00:00 UTC
10714182,your name,144,2021-03-10 00:00:00 UTC
7941102,sisi lain dipenogoro,40,2021-03-10 00:00:00 UTC
790881,conan,40,2021-03-10 00:00:00 UTC
7734837,Prinsip-Prinsip Ekologi,177,2021-03-10 00:00:00 UTC
14255005,Poppi pertiwi,44,2021-03-10 00:00:00 UTC
790881,misteri,40,2021-03-10 00:00:00 UTC
10242564,Ayana,14,2021-03-10 00:00:00 UTC
8710951,Attack on Titan,48,2021-03-10 00:00:00 UTC
7506568,bts mariage life,40,2021-03-10 00:00:00 UTC
9176725,shakespeare and his contemporaries,40,2021-03-10 00:00:00 UTC
14493189,SCHOOL NORE,37,2021-03-10 00:00:00 UTC
7941142,me before you dan after you,20,2021-03-10 00:00:00 UTC
14550362,the power,40,2021-03-10 00:00:00 UTC
12930590,blue spring ride,260,2021-03-10 00:00:00 UTC
14550658,Islam memandang pemimpin wanita,60,2021-03-10 00:00:00 UTC
11002757,issac newton,6,2021-03-10 00:00:00 UTC
7065587,csubaki chou,2,2021-03-10 00:00:00 UTC
7932538,mokkoro,1,2021-03-10 00:00:00 UTC
8460651,rentang kisah,120,2021-03-10 00:00:00 UTC
7813474,ayah,100,2021-03-10 00:00:00 UTC
14550714,Baca buku ini saat engkau ingin berubah,140,2021-03-10 00:00:00 UTC
9229966,psikologi kepribadian islam,40,2021-03-10 00:00:00 UTC
10971619,psikologi pendidikan,28,2021-03-10 00:00:00 UTC
7898867,I hate diet,220,2021-03-10 00:00:00 UTC
10971619,design grafis,120,2021-03-10 00:00:00 UTC
14550629,live in campervan,200,2021-03-10 00:00:00 UTC
9167194,the way house husband 01,140,2021-03-10 00:00:00 UTC
6733026,after the rain,136,2021-03-10 00:00:00 UTC
14550441,Nebula,2,2021-03-10 00:00:00 UTC
7941142,therapy,20,2021-03-10 00:00:00 UTC
7814465,dragon sitter,100,2021-03-10 00:00:00 UTC
9119342,MOMMYCLOPEDIA: 78 RESEP MPASI (,20,2021-03-10 00:00:00 UTC
848337,miiko 1,80,2021-03-10 00:00:00 UTC
335371,jujutsu kaisen,1,2021-03-10 00:00:00 UTC
12759191,opreedo dinosaurus,20,2021-03-10 00:00:00 UTC
8216423,Hanyu di rumah,40,2021-03-10 00:00:00 UTC
1325518,MY PET GIRLFRIEND,20,2021-03-10 00:00:00 UTC
399943,Beach Read,80,2021-03-10 00:00:00 UTC
10380529,ikigai,33,2021-03-10 00:00:00 UTC
140089,invalidite,2,2021-03-10 00:00:00 UTC
10881574,Kanker,60,2021-03-10 00:00:00 UTC
10881574,Thinking,60,2021-03-10 00:00:00 UTC
10425000,SENI NEGOSIASI,20,2021-03-10 00:00:00 UTC
14550629,crazy,140,2021-03-10 00:00:00 UTC
9735747,conan 27,40,2021-03-10 00:00:00 UTC
7065587,jujutsu,4,2021-03-10 00:00:00 UTC
12930590,pppk matematika,40,2021-03-10 00:00:00 UTC
7941142,cantik gaya,32,2021-03-10 00:00:00 UTC
524339,KUH PERDATA INDONESIA karangan Prof.abdul kadir Muhammad,120,2021-03-10 00:00:00 UTC
13980445,Matematika,140,2021-03-10 00:00:00 UTC
8214719,fiqih lima mashab,40,2021-03-10 00:00:00 UTC
1081846,book,360,2021-03-10 00:00:00 UTC
8170794,daerah tempat tinggalku,90,2021-03-10 00:00:00 UTC
13254801,great,20,2021-03-10 00:00:00 UTC
8710951,hukum pidana,20,2021-03-10 00:00:00 UTC
7702592,ketika cinta butuh jeda,120,2021-03-10 00:00:00 UTC
14550676,Attack on titan,30,2021-03-10 00:00:00 UTC
9183504,dragon ball,20,2021-03-10 00:00:00 UTC
900710,Conan,140,2021-03-10 00:00:00 UTC
7941312,Metode Penelitian Kuantitatif,56,2021-03-10 00:00:00 UTC
7832329,budidaya kepiting,36,2021-03-10 00:00:00 UTC
14550383,Tere Liye bumi,20,2021-03-10 00:00:00 UTC
14550362,i want,161,2021-03-10 00:00:00 UTC
14550431,hukum perbankan syariah,19,2021-03-10 00:00:00 UTC
125869,Romantis,32,2021-03-10 00:00:00 UTC
584103,this changes everything,40,2021-03-10 00:00:00 UTC
14550406,Minimalism,2,2021-03-10 00:00:00 UTC
14550351,saham,60,2021-03-10 00:00:00 UTC
14493370,secret,120,2021-03-10 00:00:00 UTC
7941312,Metode Penelitian Kuantitatif Kualitatif dan R,40,2021-03-10 00:00:00 UTC
848337,aku meps dan bebs,20,2021-03-10 00:00:00 UTC
14550590,Komik,20,2021-03-10 00:00:00 UTC
7941142,QUANTUM TAHFIDZ,20,2021-03-10 00:00:00 UTC
14240801,andrea hirata,6,2021-03-10 00:00:00 UTC
8118608,batman,20,2021-03-10 00:00:00 UTC
7580351,peta bandung,40,2021-03-10 00:00:00 UTC
7941190,kimia organik farmasi,20,2021-03-10 00:00:00 UTC
10971619,umkm,19,2021-03-10 00:00:00 UTC
8415545,A helwa,100,2021-03-10 00:00:00 UTC
7734837,dasar dasar pembelanjaan perusahaan,80,2021-03-10 00:00:00 UTC
14550661,Pengantar akuntansi,40,2021-03-10 00:00:00 UTC
14550661,Tweaking,10,2021-03-10 00:00:00 UTC
4083457,meditasi,20,2021-03-10 00:00:00 UTC
7560894,Resep diabetisi,80,2021-03-10 00:00:00 UTC
10714182,murder in the crooked house,120,2021-03-10 00:00:00 UTC
614715,Mathematical Olympiad,4,2021-03-10 00:00:00 UTC
10242564,Kisah tanah jawa,220,2021-03-10 00:00:00 UTC
12217258,Simon mawer,24,2021-03-10 00:00:00 UTC
14550294,Citra alam,20,2021-03-10 00:00:00 UTC
12712087,komunikasi publik,20,2021-03-10 00:00:00 UTC
11038989,One piece,60,2021-03-10 00:00:00 UTC
8239909,Plastik kuarto,2,2021-03-10 00:00:00 UTC
10606312,kitab kawin,20,2021-03-10 00:00:00 UTC
9229966,stroke,133,2021-03-10 00:00:00 UTC
14550309,Buku Islam dan ilmu pengetahuan,120,2021-03-10 00:00:00 UTC
848337,PR KELAS X,60,2021-03-10 00:00:00 UTC
7760739,akasha : ito junji,140,2021-03-10 00:00:00 UTC
10425000,KUMON,27,2021-03-10 00:00:00 UTC
132484,One piece 30,40,2021-03-10 00:00:00 UTC
14439406,stiker keyboard,95,2021-03-10 00:00:00 UTC
740962,cassanova,6,2021-03-10 00:00:00 UTC
250348,kindaichi 37 tahun,20,2021-03-10 00:00:00 UTC
8312124,Tokyo ghoul,76,2021-03-10 00:00:00 UTC
8739604,shadow and bone,912,2021-03-10 00:00:00 UTC
10425000,metode penelitian pilihan analisis dalam penyusunan karya ilmiqah,60,2021-03-10 00:00:00 UTC
7941142,FIQH TATA NEGARA,20,2021-03-10 00:00:00 UTC
929646,Pp,40,2021-03-10 00:00:00 UTC
7760739,the book of lost things,40,2021-03-10 00:00:00 UTC
8739604,tayo,57,2021-03-10 00:00:00 UTC
7898867,treasury management,60,2021-03-10 00:00:00 UTC
10971619,yamada,20,2021-03-10 00:00:00 UTC
10902241,aly jane,40,2021-03-10 00:00:00 UTC
7506568,bts marriage life 1,20,2021-03-10 00:00:00 UTC
584103,yona 21,18,2021-03-10 00:00:00 UTC
8118608,harry potter,40,2021-03-10 00:00:00 UTC
14550681,dari puncak andalusia,20,2021-03-10 00:00:00 UTC
7065587,one punch man 22,40,2021-03-10 00:00:00 UTC
225223,pullman,2,2021-03-10 00:00:00 UTC
7941330,business driven information systems,324,2021-03-10 00:00:00 UTC
14550636,regarding reincarnated to slime,160,2021-03-10 00:00:00 UTC
7654312,magi,40,2021-03-10 00:00:00 UTC
6733026,I Sold My Life For Ten Thousand Yen Per Year,1,2021-03-10 00:00:00 UTC
966671,naruto 70,60,2021-03-10 00:00:00 UTC
14550664,Komik boboiboy,460,2021-03-10 00:00:00 UTC
14493370,brave,280,2021-03-10 00:00:00 UTC
584103,naomi klein,6,2021-03-10 00:00:00 UTC
8400829,Keluarga super irit,40,2021-03-10 00:00:00 UTC
790881,mice,40,2021-03-10 00:00:00 UTC
848337,metode penelitian,80,2021-03-10 00:00:00 UTC
524339,bleach 74,20,2021-03-10 00:00:00 UTC
337632,PULSA EDISI 457,20,2021-03-10 00:00:00 UTC
10591754,Love in the time scandal,20,2021-03-10 00:00:00 UTC
13980445,Alam pikiran islam,120,2021-03-10 00:00:00 UTC
13513132,Seige and storm,20,2021-03-10 00:00:00 UTC
14550381,rich dad poor dad,20,2021-03-10 00:00:00 UTC
7065587,one piece,40,2021-03-10 00:00:00 UTC
1066430,The magic,20,2021-03-10 00:00:00 UTC
9228200,psikologi,40,2021-03-10 00:00:00 UTC
10591754,Prodigal son,140,2021-03-10 00:00:00 UTC
9176725,teori hierarki norma hukum,20,2021-03-10 00:00:00 UTC
524339,ekonomi manajerial,15,2021-03-10 00:00:00 UTC
7760739,ten ten trik asik jago matematika,80,2021-03-10 00:00:00 UTC
7813474,kumpulan soal seni budaya,20,2021-03-10 00:00:00 UTC
1416843,amsal bakthiar,15,2021-03-10 00:00:00 UTC
14550664,Komik sponsbob,60,2021-03-10 00:00:00 UTC
10606312,the roster bar,80,2021-03-10 00:00:00 UTC
12712087,komunikasi publik haryatmoko,80,2021-03-10 00:00:00 UTC
14168569,in return of depression,20,2021-03-10 00:00:00 UTC
7734837,TANYA JAWAB BERSAMA NABI; KITAB IMAN,140,2021-03-10 00:00:00 UTC
433487,one piece,20,2021-03-10 00:00:00 UTC
12371969,mob psycho,28,2021-03-10 00:00:00 UTC
13980445,Smart book,100,2021-03-10 00:00:00 UTC
9957887,wanprestasi,4,2021-03-10 00:00:00 UTC
7567296,tango dan sadimin,40,2021-03-10 00:00:00 UTC
14550664,Komik conan,240,2021-03-10 00:00:00 UTC
9229966,sistem informasi aja,60,2021-03-10 00:00:00 UTC
7760739,filsafat ilmu,170,2021-03-10 00:00:00 UTC
911386,Sihir perempuan,160,2021-03-10 00:00:00 UTC
1325518,MAKE IT HAPPEN! + BOOKLET,20,2021-03-10 00:00:00 UTC
524339,mahir khotbah 3 bahasa,20,2021-03-10 00:00:00 UTC
14550661,Pengantar akuntansi kieso,80,2021-03-10 00:00:00 UTC
12418585,manajemen pengaduan,180,2021-03-10 00:00:00 UTC
14550350,bumi tere liye,40,2021-03-10 00:00:00 UTC
14550636,light+novel,160,2021-03-10 00:00:00 UTC
14493189,KISAH MURID PALING BAHAGIA DAN SEBELAS KISAH LAINNYA,180,2021-03-10 00:00:00 UTC
9176725, LEADERS EAT LAST,200,2021-03-10 00:00:00 UTC
848337,demon slayer,60,2021-03-10 00:00:00 UTC
7941312,anak semua bangsa,57,2021-03-10 00:00:00 UTC
8318347,Max,20,2021-03-10 00:00:00 UTC
7506568,bts marriage life 1 dan 2,40,2021-03-10 00:00:00 UTC
1325518,MORIARTY THE PATRIOT 7,120,2021-03-10 00:00:00 UTC
12826837,unlimited you,20,2021-03-10 00:00:00 UTC
14550539,ATTACK ON TITAN BEFORE THE FALL 07:,6,2021-03-10 00:00:00 UTC
7941190,BOROBUDUR,180,2021-03-10 00:00:00 UTC
14550404,sarana,9,2021-03-10 00:00:00 UTC
8178373,my giovanny,20,2021-03-10 00:00:00 UTC
7941142,dream,20,2021-03-10 00:00:00 UTC
12095558,book,40,2021-03-10 00:00:00 UTC
10606312,the whistler,60,2021-03-10 00:00:00 UTC
7813474,tanya jawab,20,2021-03-10 00:00:00 UTC
10977435,prediksi ujian sekolah sma fisika,100,2021-03-10 00:00:00 UTC
13742377,I sold my,80,2021-03-10 00:00:00 UTC
848337,pr ekonomi,152,2021-03-10 00:00:00 UTC
14550517,John echols,220,2021-03-10 00:00:00 UTC
8460651,tokyo ghoul,140,2021-03-10 00:00:00 UTC
12187334,Good to great,238,2021-03-10 00:00:00 UTC
911386,Rumah ilalang,60,2021-03-10 00:00:00 UTC
1416843,PEJUANG RECEH,20,2021-03-10 00:00:00 UTC
7506568,uu no 25 tahun 2009 tentang pelayanan publik,140,2021-03-10 00:00:00 UTC
253754,Edysen Shin,4,2021-03-10 00:00:00 UTC
14550351,value investing,36,2021-03-10 00:00:00 UTC
6369902,hai miiko,40,2021-03-10 00:00:00 UTC
12418585,ekonomi internasional ed 3,160,2021-03-10 00:00:00 UTC
9119342,TENTNG KAMU,60,2021-03-10 00:00:00 UTC
14550539,dasar dasar ekonomi pembangunan,20,2021-03-10 00:00:00 UTC
860995,hacin 2,40,2021-03-10 00:00:00 UTC
584103,jk rowling,52,2021-03-10 00:00:00 UTC
543966,conan 98,140,2021-03-10 00:00:00 UTC
14550402,99 great,20,2021-03-10 00:00:00 UTC
7506568,moh saleh dijindang,120,2021-03-10 00:00:00 UTC
8178373,kuhp,20,2021-03-10 00:00:00 UTC
1169423,jawa,80,2021-03-10 00:00:00 UTC
9228200,paolo freire,4,2021-03-10 00:00:00 UTC
848337,metode penelitian kualitatif,48,2021-03-10 00:00:00 UTC
8170794,ONCE UPON A TIME,20,2021-03-10 00:00:00 UTC
1416843,hukum internasional,12,2021-03-10 00:00:00 UTC
9176725,psikologi forensik,20,2021-03-10 00:00:00 UTC
9159252,pokok pokok hukum perdata,120,2021-03-10 00:00:00 UTC
14550539,rapijali,1,2021-03-10 00:00:00 UTC
12131243,Tokyo Ghoul,60,2021-03-10 00:00:00 UTC
7819004,selena,4,2021-03-10 00:00:00 UTC
860995,naked lunch,20,2021-03-10 00:00:00 UTC
8470991,naruto,40,2021-03-10 00:00:00 UTC
7941312,BORUTO 07,20,2021-03-10 00:00:00 UTC
814723,tere liye,25,2021-03-10 00:00:00 UTC
966671,yotsuba 13,60,2021-03-10 00:00:00 UTC
7943483,hadas,40,2021-03-10 00:00:00 UTC
911386,Anak semua bangsa,38,2021-03-10 00:00:00 UTC
7941142,EKONOMI PUBLIK ED 3,20,2021-03-10 00:00:00 UTC
109924,Komik,40,2021-03-10 00:00:00 UTC
8300086,attack on titan,42,2021-03-10 00:00:00 UTC
848337,belajar tidak menkutkan,20,2021-03-10 00:00:00 UTC
14550383,Komet minor,21,2021-03-10 00:00:00 UTC
7580351,benda-benda yang bisa mulur ,20,2021-03-10 00:00:00 UTC
14550539,ensiklopedia anak hebat,40,2021-03-10 00:00:00 UTC
911386,Cerita eyang,140,2021-03-10 00:00:00 UTC
7065587,gokushufudo,14,2021-03-10 00:00:00 UTC
9176725,Teaching and Learning sparepart,20,2021-03-10 00:00:00 UTC
7943483,aplikasi cara pengolahan pangan,60,2021-03-10 00:00:00 UTC
9330326,the little prince,18,2021-03-10 00:00:00 UTC
8170794,CHAINSAW MAN,180,2021-03-10 00:00:00 UTC
7814465,BEDAH KISI2 SBMPTN SAINTEK 2020 THE KING UTBK,20,2021-03-10 00:00:00 UTC
7734837,harry poter,60,2021-03-10 00:00:00 UTC
911386,Resilience,30,2021-03-10 00:00:00 UTC
12930590,logical fallacy,5,2021-03-10 00:00:00 UTC
8739604,risalah tuntunan shalat lengkap,20,2021-03-10 00:00:00 UTC
12418585,industrial engineering,40,2021-03-10 00:00:00 UTC
13513132,Shadow and bone,76,2021-03-10 00:00:00 UTC
12712087,Etika komunikasi,40,2021-03-10 00:00:00 UTC
7065587,i sold my life for ten thousand yen per year,40,2021-03-10 00:00:00 UTC
7065587,haikyu,60,2021-03-10 00:00:00 UTC
7943483,etika dalam bisnis ,240,2021-03-10 00:00:00 UTC
7941190,demon slayer,160,2021-03-10 00:00:00 UTC
9229966,psikologi,40,2021-03-10 00:00:00 UTC
614715,Olimpiade Matematika SMA,40,2021-03-10 00:00:00 UTC
10885482,Promise neverland,20,2021-03-10 00:00:00 UTC
7688508,kecerdasan spritual,20,2021-03-10 00:00:00 UTC
7506568,KETIKA CINTA BUTUH JEDA,20,2021-03-10 00:00:00 UTC
7941190,marugoto,10,2021-03-10 00:00:00 UTC
2819123,essential oil,20,2021-03-10 00:00:00 UTC
14550539,kaca,20,2021-03-10 00:00:00 UTC
7506568,DOA SANG KATAK 1,20,2021-03-10 00:00:00 UTC
7941190,kimia organik,45,2021-03-10 00:00:00 UTC
9174535, perusahaan,20,2021-03-10 00:00:00 UTC
14550350,bumi,80,2021-03-10 00:00:00 UTC
848337,codeigniter,40,2021-03-10 00:00:00 UTC
13980445,Saintek,100,2021-03-10 00:00:00 UTC
524339,FISIOLOGI TUMBUHAN,36,2021-03-10 00:00:00 UTC
14550534,komik naruto volum 70,120,2021-03-10 00:00:00 UTC
7506568,pengantar hukum administrasi negara indonesia,40,2021-03-10 00:00:00 UTC
8235553,Kartini,20,2021-03-10 00:00:00 UTC
14550534,kimetsu no yaiba,418,2021-03-10 00:00:00 UTC
7941312,METODE PENELITIAN KUANTITATIF,14,2021-03-10 00:00:00 UTC
7580351,dunia kematian,20,2021-03-10 00:00:00 UTC
7506568,hukum administrasi negara,120,2021-03-10 00:00:00 UTC
7941330,business information system,420,2021-03-10 00:00:00 UTC
14492954,the alchemia,20,2021-03-10 00:00:00 UTC
8566540,Zero's tea time,60,2021-03-10 00:00:00 UTC
14550441,Tere liye putih,140,2021-03-10 00:00:00 UTC
636283,introduction to java programming,140,2021-03-10 00:00:00 UTC
9170788,WHY? WORLD WAR I ,20,2021-03-10 00:00:00 UTC
524339,taksonomi vertbrata,22,2021-03-10 00:00:00 UTC
1364101,kafka on the shore,40,2021-03-10 00:00:00 UTC
7734837,peternakan,34,2021-03-10 00:00:00 UTC
9119342,FILOSOFI TERAS,20,2021-03-10 00:00:00 UTC
7730507,kami bukan sarjan kertas,20,2021-03-10 00:00:00 UTC
7812282,Al qur'an,100,2021-03-10 00:00:00 UTC
14550539,Negeri Salju,18,2021-03-10 00:00:00 UTC
14550538,Hai Mii,40,2021-03-10 00:00:00 UTC
14550539,analis,4,2021-03-10 00:00:00 UTC
7925071,sejarah dunia kuno,57,2021-03-10 00:00:00 UTC
14550431,pengantar ekonomi islam,40,2021-03-10 00:00:00 UTC
7761092,Aroma karsa,40,2021-03-10 00:00:00 UTC
1325518,kreative siaran televisi,19,2021-03-10 00:00:00 UTC
14550359,the word gve you,80,2021-03-10 00:00:00 UTC
848337,the cruel prince,60,2021-03-10 00:00:00 UTC
8460651,kuh pidana,40,2021-03-10 00:00:00 UTC
7943483,hikmah ibadah,120,2021-03-10 00:00:00 UTC
1416843,dolf de roos,20,2021-03-10 00:00:00 UTC
14550709,Shingeki no Kyojin,76,2021-03-10 00:00:00 UTC
10971619,menyususi pada masa pandemi,20,2021-03-10 00:00:00 UTC
7734837,muhammad khaled,40,2021-03-10 00:00:00 UTC
14550539,akasha,260,2021-03-10 00:00:00 UTC
408493,temukan ketenanganmu,20,2021-03-10 00:00:00 UTC
12418585,hukum internasional,32,2021-03-10 00:00:00 UTC
7734837,theoring of learning,60,2021-03-10 00:00:00 UTC
14550621,book,100,2021-03-10 00:00:00 UTC
7065587,full bloom,140,2021-03-10 00:00:00 UTC
10425000,SUNSET DAN ROSIE,20,2021-03-10 00:00:00 UTC
8408336,Horimiya,126,2021-03-10 00:00:00 UTC
10902241,islam dan sosialisme,40,2021-03-10 00:00:00 UTC
7065587,i sold my life for ten,220,2021-03-10 00:00:00 UTC
12418585,sejarah agama manusia,80,2021-03-10 00:00:00 UTC
7943483,ikhlas paling serius,200,2021-03-10 00:00:00 UTC
510615,mcbride,1,2021-03-10 00:00:00 UTC
8470991,demon slayer,20,2021-03-10 00:00:00 UTC
8123980,Fairy tail,40,2021-03-10 00:00:00 UTC
10876269,novel bahasa perancis,40,2021-03-10 00:00:00 UTC
14550658,Kepemimpinan wanita dalam islam,60,2021-03-10 00:00:00 UTC
14550539,TANYA JAWAB SERU TENTANG MERAWAT BUMI,20,2021-03-10 00:00:00 UTC
911386,Dan brown,171,2021-03-10 00:00:00 UTC
14550404,komputer bisnis,80,2021-03-10 00:00:00 UTC
911386,Dua dini hari,80,2021-03-10 00:00:00 UTC
900710,Teenlit,60,2021-03-10 00:00:00 UTC
7943483,cara pengolahan pangan yang baik,40,2021-03-10 00:00:00 UTC
14255005,Mozachiko,8,2021-03-10 00:00:00 UTC
12550078,pDORAEMON DINOSAURUS,20,2021-03-10 00:00:00 UTC
12712087,etika publik haryatmokot,20,2021-03-10 00:00:00 UTC
549742,gorgeous lies,520,2021-03-10 00:00:00 UTC
287596,habibie,12,2021-03-10 00:00:00 UTC
1416843,PERSYARATAN PEMBUATAN PERIZINAN,20,2021-03-10 00:00:00 UTC
7654312,skip beat,2,2021-03-10 00:00:00 UTC
9957887,IKHLAS PALING SERIUS,180,2021-03-10 00:00:00 UTC
10902241,ENSIKLOPEDIA 4D: ANTARIKSA,80,2021-03-10 00:00:00 UTC
636283,introduction to java programming daniel liang,100,2021-03-10 00:00:00 UTC
14550664,Komik bleybed,180,2021-03-10 00:00:00 UTC
14550539,i hate diet,40,2021-03-10 00:00:00 UTC
12550078,ikhlas paling serius,20,2021-03-10 00:00:00 UTC
1321122,Spidol marksman,160,2021-03-10 00:00:00 UTC
337632,FULLMETAL ALCHEMIST (PREMIUM) 01,20,2021-03-10 00:00:00 UTC
14550539,akuntansi keuangan menengah,42,2021-03-10 00:00:00 UTC
175491,waterfall,3,2021-03-10 00:00:00 UTC
617849,fate grand order,20,2021-03-10 00:00:00 UTC
583600,Dasar - Dasar Ilmu Politik,20,2021-03-10 00:00:00 UTC
7941312,harlequin+koleksi,20,2021-03-10 00:00:00 UTC
7941330,Haikyu!!: Fly High! Volleyball!,60,2021-03-10 00:00:00 UTC
14550417,Buku+gratis,120,2021-03-10 00:00:00 UTC
133909,mengenal tubuhku,20,2021-03-10 00:00:00 UTC
736510,stephen littlejhon,24,2021-03-10 00:00:00 UTC
10971619,menyusui pada masa pandemi,100,2021-03-10 00:00:00 UTC
848337,setiap hati yang patah,100,2021-03-10 00:00:00 UTC
911386,Muhidin M. Dahlan,156,2021-03-10 00:00:00 UTC
8750474,opredo soft book bu,161,2021-03-10 00:00:00 UTC
7760739,cerita si drun,140,2021-03-10 00:00:00 UTC
860995,life-span development perkembangan,20,2021-03-10 00:00:00 UTC
7813474,manajemen media masa,20,2021-03-10 00:00:00 UTC
9957887,hukum,40,2021-03-10 00:00:00 UTC
584103,perancangan weding,60,2021-03-10 00:00:00 UTC
7580351,buku 75 tahun tni,100,2021-03-10 00:00:00 UTC
12418585,hukum administrasi negara,33,2021-03-10 00:00:00 UTC
12281047,atomic hsbit,16,2021-03-10 00:00:00 UTC
9167194,high rise invasion 2,40,2021-03-10 00:00:00 UTC
8460651,kejahatan dan penyimpangan seksual dalam perspektif hukummislam dan hukum,180,2021-03-10 00:00:00 UTC
8303633,super irit,40,2021-03-10 00:00:00 UTC
1081846,the promised neverland,40,2021-03-10 00:00:00 UTC
14550692,Manga youkoso,260,2021-03-10 00:00:00 UTC
14550351,Mega Profit,36,2021-03-10 00:00:00 UTC
14385469,analisis teknikal mega profit,40,2021-03-10 00:00:00 UTC
8739604,syamil quran,480,2021-03-10 00:00:00 UTC
14550534,komik kimetsu no yaiba,40,2021-03-10 00:00:00 UTC
14552318,invested,1,2021-03-10 00:00:00 UTC
7734837,theories of learning,200,2021-03-10 00:00:00 UTC
7560894,Resep 30 hari untuk diabetisi,40,2021-03-10 00:00:00 UTC
14550331,crushing it,140,2021-03-10 00:00:00 UTC
14550383,Tere Liye,5,2021-03-10 00:00:00 UTC
793013,Refill drawing,60,2021-03-10 00:00:00 UTC
4083457,kanker,60,2021-03-10 00:00:00 UTC
12759191,dinosaurus,100,2021-03-10 00:00:00 UTC
9233471,emotional intelligence daniel goleman,40,2021-03-10 00:00:00 UTC
12418585,metode penelitian sosial politik,180,2021-03-10 00:00:00 UTC
9191029,Buku+tulis,100,2021-03-10 00:00:00 UTC
7943483,the 7 habits of highly,80,2021-03-10 00:00:00 UTC
7943483,panduan resmi lolos,20,2021-03-10 00:00:00 UTC
9201322,ilmu perundang undangan,20,2021-03-10 00:00:00 UTC
14550629,teman tapi menikah,20,2021-03-10 00:00:00 UTC
14550661,Hacker,10,2021-03-10 00:00:00 UTC
12930590,tafsir sosial atas kenyataan,200,2021-03-10 00:00:00 UTC
8170794,indahnya keragaman,140,2021-03-10 00:00:00 UTC
8090844,sejarah smp,114,2021-03-10 00:00:00 UTC
9176725,belajar dan pembelajaran,19,2021-03-10 00:00:00 UTC
646818,ANATOMI CRANIUM,20,2021-03-10 00:00:00 UTC
10604254,boarbook,3,2021-03-10 00:00:00 UTC
7898867,Tata Bahasa Baku Bahasa Indonesia,20,2021-03-10 00:00:00 UTC
433487,air gear,18,2021-03-10 00:00:00 UTC
524339,mantapku jiwa,120,2021-03-10 00:00:00 UTC
10425000,mereka mengeja larangan mengemis,340,2021-03-10 00:00:00 UTC
7580351,rahasia putri yang suka kentut,60,2021-03-10 00:00:00 UTC
9735747,conan ,20,2021-03-10 00:00:00 UTC
14493189,SCHOOL NORSE,100,2021-03-10 00:00:00 UTC
604045,Tere liye,20,2021-03-10 00:00:00 UTC
14550658,Feminist dalam islam,20,2021-03-10 00:00:00 UTC
14550416,Komik horor,160,2021-03-10 00:00:00 UTC
14550534,the promised neverland,80,2021-03-10 00:00:00 UTC
14550715,book,160,2021-03-10 00:00:00 UTC
14493189,SCHOOL NURSE+,180,2021-03-10 00:00:00 UTC
848337,Metode Penelitian Kuantitatif Kualitatif dan R,20,2021-03-10 00:00:00 UTC
9176334,SOGOK AKU KAU KUTANGKAP,20,2021-03-10 00:00:00 UTC
807513,panduan resmi sukses tni polri,40,2021-03-10 00:00:00 UTC
902072,only time will tell,80,2021-03-10 00:00:00 UTC
10902241,the things you,40,2021-03-10 00:00:00 UTC
14240668,Wallbanger,10,2021-03-10 00:00:00 UTC
8750474,chicken soup for the soul,60,2021-03-10 00:00:00 UTC
7580351,ensiklopedia junior,120,2021-03-10 00:00:00 UTC
14550539,matinya kepakaran,70,2021-03-10 00:00:00 UTC
1325518,KREATIF SIARAN TELEVISI,20,2021-03-10 00:00:00 UTC
11038989,One piece 73,40,2021-03-10 00:00:00 UTC
7716716,ANALISIS ,80,2021-03-10 00:00:00 UTC
12418585,kesehatan perempuan,80,2021-03-10 00:00:00 UTC
7811495,Kamus bahasa inggris,114,2021-03-10 00:00:00 UTC
524339,ekonomi managerial,40,2021-03-10 00:00:00 UTC
7556648,miskonsepsi,1,2021-03-10 00:00:00 UTC
14493189,RAPI JALI,14,2021-03-10 00:00:00 UTC
8746489,ellen may,40,2021-03-10 00:00:00 UTC
12371969,attack on titan,30,2021-03-10 00:00:00 UTC
8400852,tematik 3 tema 7,40,2021-03-10 00:00:00 UTC
12509143,sekolah itu candu,80,2021-03-10 00:00:00 UTC
1416843,DILARANG MENYANYI DI KAMAR MANDI,20,2021-03-10 00:00:00 UTC
7943483,etika dalam bisnis,360,2021-03-10 00:00:00 UTC
9229966,interaksi antar manusia dan komputer,100,2021-03-10 00:00:00 UTC
1013173,haikyu 23,18,2021-03-10 00:00:00 UTC
10425000,metode penelitian,20,2021-03-10 00:00:00 UTC
740962,tanya tania,40,2021-03-10 00:00:00 UTC
14385469,technical analytic for mega profit,20,2021-03-10 00:00:00 UTC
12930590,realitas sosial,180,2021-03-10 00:00:00 UTC
966671,naruto 72,20,2021-03-10 00:00:00 UTC
11002757,biografi ilmuwan fisika,60,2021-03-10 00:00:00 UTC
848337,dasar dasar teknik mesin,160,2021-03-10 00:00:00 UTC
9202704,fullmetal alchemist,40,2021-03-10 00:00:00 UTC
11002757,newton,9,2021-03-10 00:00:00 UTC
8623649,one piece 89,40,2021-03-10 00:00:00 UTC
1066430,Pisikologi indonesia,60,2021-03-10 00:00:00 UTC
10971619,kontribusi umkm,40,2021-03-10 00:00:00 UTC
467910,spy x family,40,2021-03-10 00:00:00 UTC
7702592,BEKAL PERNIKAHAN,100,2021-03-10 00:00:00 UTC
7941312,DESIGN KOMUNIKASI,40,2021-03-10 00:00:00 UTC
14550539, CERITA SPESIAL DORAEMON - CERITA SERAM,40,2021-03-10 00:00:00 UTC
467910,jujutsu,14,2021-03-10 00:00:00 UTC
12217258,The Children's Book A.S. Byatt,20,2021-03-10 00:00:00 UTC
7580351,buku esensi puasa,40,2021-03-10 00:00:00 UTC
736510,teori komunikasi ,180,2021-03-10 00:00:00 UTC
14550527,Komik doraemon,60,2021-03-10 00:00:00 UTC
111375,PR BUKU MATEMATIKA KELAS 11,20,2021-03-10 00:00:00 UTC
7813474,DAN BROWN : LOST SYMBOL (SC/MM INTL ED),20,2021-03-10 00:00:00 UTC
5989869,memoir of a geisha,20,2021-03-10 00:00:00 UTC
1416843,filsafat ilmu,220,2021-03-10 00:00:00 UTC
8741613,AKM,160,2021-03-10 00:00:00 UTC
14493189,PENGANTAR PASAR MODAL INDONESIA EDISI 2,240,2021-03-10 00:00:00 UTC
911386,Remi's rebellion,6,2021-03-10 00:00:00 UTC
1348111,Season to remember,20,2021-03-10 00:00:00 UTC
14320541,metodologi penelitian hukum,19,2021-03-10 00:00:00 UTC
9119342,JANGAN MEMBUAT MASALAH KECIL JADI MASALAH BESAR,20,2021-03-10 00:00:00 UTC
14550347,sang alchemist,180,2021-03-10 00:00:00 UTC
14550480,Syarif rousyan Fikri dkk,140,2021-03-10 00:00:00 UTC
1416843,PERIZINAN,8,2021-03-10 00:00:00 UTC
7898867,si anak pintar,160,2021-03-10 00:00:00 UTC
8121327,Athlas,3,2021-03-10 00:00:00 UTC
7506568,buku musik tabulasi,20,2021-03-10 00:00:00 UTC
14320541,metodologi penelitian hkum,80,2021-03-10 00:00:00 UTC
10829090,Penilaian Hasil Proses Belajar Mengajar,20,2021-03-10 00:00:00 UTC
12217258,James Hogg,15,2021-03-10 00:00:00 UTC
7716716,entrepreneurship,60,2021-03-10 00:00:00 UTC
7580351,peta lipat bandung,60,2021-03-10 00:00:00 UTC
9119342,"KAU, AKU DAN SEPUCUK ANGPAU MERAH",20,2021-03-10 00:00:00 UTC
731941,how to respect myself,100,2021-03-10 00:00:00 UTC
14320366,komi,21,2021-03-10 00:00:00 UTC
10714182,efek jera tsugaeda,60,2021-03-10 00:00:00 UTC
7506568,pokok pokok hukum perdata,120,2021-03-10 00:00:00 UTC
1416843,LOVEABLE LADY,60,2021-03-10 00:00:00 UTC
163426,Barker,2,2021-03-10 00:00:00 UTC
7580351,bumi langit,220,2021-03-10 00:00:00 UTC
9201322,hukum perlindungan konsumen,119,2021-03-10 00:00:00 UTC
433487,edens zero,20,2021-03-10 00:00:00 UTC
14550501,Manga,2,2021-03-10 00:00:00 UTC
9194110,FZ LARGE PUZZLE 02,40,2021-03-10 00:00:00 UTC
181875,miiko,20,2021-03-10 00:00:00 UTC
9180108,becoming,80,2021-03-10 00:00:00 UTC
9735747,conan 25,19,2021-03-10 00:00:00 UTC
12217258,A House for Mr Biswas,20,2021-03-10 00:00:00 UTC
14550356,Notebook,20,2021-03-10 00:00:00 UTC
12930590,mortimer adler charles van doren,153,2021-03-10 00:00:00 UTC
9405310,Kelas manusia,100,2021-03-10 00:00:00 UTC
8487189,ao haru,51,2021-03-10 00:00:00 UTC
14550598,rahasia+gadis,38,2021-03-10 00:00:00 UTC
399943,American Dirt,20,2021-03-10 00:00:00 UTC
10902241,ikhlas paling serius,40,2021-03-10 00:00:00 UTC
7580351,jurnal bahan bangunan,20,2021-03-10 00:00:00 UTC
14550379,Darwins game,260,2021-03-10 00:00:00 UTC
7812282,Al qur'an Al ihsan,20,2021-03-10 00:00:00 UTC
793013,Refill,160,2021-03-10 00:00:00 UTC
8487189,spring blue ride,40,2021-03-10 00:00:00 UTC
12418585,evaluasi kinerja SDM,220,2021-03-10 00:00:00 UTC
14550461,Light+novel,140,2021-03-10 00:00:00 UTC
14320541,KITAB UU HUKUM DAGANG,60,2021-03-10 00:00:00 UTC
485975,the outliers,19,2021-03-10 00:00:00 UTC
14550709,Jujutsu kaisen,4,2021-03-10 00:00:00 UTC
14550527,Doraemon 55,20,2021-03-10 00:00:00 UTC
14493189,KISAH UNTUK GERI,680,2021-03-10 00:00:00 UTC
368500,Peter Pan,48,2021-03-10 00:00:00 UTC
7943483,dahsyatnya shalat tuma'ninah,340,2021-03-10 00:00:00 UTC
957034,Doa lima kali katolik,120,2021-03-10 00:00:00 UTC
7760739,al kitab,38,2021-03-10 00:00:00 UTC
433487,one piece 90,20,2021-03-10 00:00:00 UTC
10902241,48 hukum kekuasaan,20,2021-03-10 00:00:00 UTC
12706551,juliet of the,60,2021-03-10 00:00:00 UTC
9176725,new wave marketing,19,2021-03-10 00:00:00 UTC
9176725,hukum pidana,20,2021-03-10 00:00:00 UTC
485975,outliers,12,2021-03-10 00:00:00 UTC
7702335,sambal dan ranjang,20,2021-03-10 00:00:00 UTC
661345,jujutsu,4,2021-03-10 00:00:00 UTC
7506568,asas negara hukum,38,2021-03-10 00:00:00 UTC
584103,komunikasi pemasaran,38,2021-03-10 00:00:00 UTC
8566540,Zero,60,2021-03-10 00:00:00 UTC
524339,sister second,20,2021-03-10 00:00:00 UTC
807513,tanaman,20,2021-03-10 00:00:00 UTC
7065587,one piece 94,160,2021-03-10 00:00:00 UTC
10971619,pocket sks,60,2021-03-10 00:00:00 UTC
10424349,brand,2,2021-03-10 00:00:00 UTC
14550539,negeri salju,36,2021-03-10 00:00:00 UTC
14550351,intellegence investor,20,2021-03-10 00:00:00 UTC
14385469,analisis mega profit,20,2021-03-10 00:00:00 UTC
7506568,KISAH JOHNNY SI TIKUS KOTA (THE TALE OF JOHNNY TOWN-MOU,20,2021-03-10 00:00:00 UTC
14550590,No longer human,20,2021-03-10 00:00:00 UTC
812104,karen m. mc mans,20,2021-03-10 00:00:00 UTC
7813474,sebagian pengalam yang saya ingat,80,2021-03-10 00:00:00 UTC
848337,sma/ma kl.x ,140,2021-03-10 00:00:00 UTC
911386,Kanae minato,3,2021-03-10 00:00:00 UTC
8214719,fisiologi tambun,60,2021-03-10 00:00:00 UTC
7941142,BUKU HARIAN DWI,80,2021-03-10 00:00:00 UTC
7580351,KAPITA SELEKTA HUKUM KEDOKTERAN,20,2021-03-10 00:00:00 UTC
7898867,majalah,11,2021-03-10 00:00:00 UTC
10829090,PERMENDAGRI NOMOR 77 TAHUN 2020,120,2021-03-10 00:00:00 UTC
12826837,attack,24,2021-03-10 00:00:00 UTC
12217258,PG Wodehouse,5,2021-03-10 00:00:00 UTC
8746489,William O'Neil,20,2021-03-10 00:00:00 UTC
14550664,Conan,20,2021-03-10 00:00:00 UTC
12666334,Enid blyton,18,2021-03-10 00:00:00 UTC
9183504,lintas budaya,34,2021-03-10 00:00:00 UTC
10425000,mereka mengeja larangan mengemil,20,2021-03-10 00:00:00 UTC
7065587,horimiya,70,2021-03-10 00:00:00 UTC
12826837,dragon,60,2021-03-10 00:00:00 UTC
1767710,shingeki no kyojin,19,2021-03-10 00:00:00 UTC
12418585,metode penelitian sosial kuantitatif,60,2021-03-10 00:00:00 UTC
7506568,The School for Good and Evil,1,2021-03-10 00:00:00 UTC
7898867,Management,40,2021-03-10 00:00:00 UTC
14550694,book,120,2021-03-10 00:00:00 UTC
10885526,BUKU INTERAKTIF PAUD: ANAK HEWAN,20,2021-03-10 00:00:00 UTC
848337,dua barista,120,2021-03-10 00:00:00 UTC
7065587,ito junji,9,2021-03-10 00:00:00 UTC
8269988,Buddha,48,2021-03-10 00:00:00 UTC
12418585,toeic,105,2021-03-10 00:00:00 UTC
7506568,smart poster,40,2021-03-10 00:00:00 UTC
9119342,PEKANBARU MADANI: EDISI II,20,2021-03-10 00:00:00 UTC
911386,Cantik itu luka,19,2021-03-10 00:00:00 UTC
14550440,Ketika kita tak pernah jadi apa apa,120,2021-03-10 00:00:00 UTC
7941142,SKILL WITH PEOPLE,19,2021-03-10 00:00:00 UTC
911386,Sucuide knot,45,2021-03-10 00:00:00 UTC
9229966,THE BEST DRILLING ,100,2021-03-10 00:00:00 UTC
14493189,HIDDEN,40,2021-03-10 00:00:00 UTC
848337,bts marriage,20,2021-03-10 00:00:00 UTC
10425000,the wheel of surga,40,2021-03-10 00:00:00 UTC
12706551,my hero academia,60,2021-03-10 00:00:00 UTC
433487,fairy tail 19,40,2021-03-10 00:00:00 UTC
14550539,conan,80,2021-03-10 00:00:00 UTC
7734837,pembelajaran peer teaching,140,2021-03-10 00:00:00 UTC
7760739,journal of teror,80,2021-03-10 00:00:00 UTC
14439596,Etika bisnis dan profesi edisi revisi sukisno,40,2021-03-10 00:00:00 UTC
12281047,atomic habit,54,2021-03-10 00:00:00 UTC
8460651,dua barista najhaty sharma,40,2021-03-10 00:00:00 UTC
10895476,ULUMUL HADIS :STUDI KOMPLEKSITAS HADIS NABI,40,2021-03-10 00:00:00 UTC
848337,harr potter dan relikui kematian,20,2021-03-10 00:00:00 UTC
7943483,etika dalam bisnis\,140,2021-03-10 00:00:00 UTC
9176725,aplikasi database,120,2021-03-10 00:00:00 UTC
9170788,sales eq,20,2021-03-10 00:00:00 UTC
7941142,the star and i,20,2021-03-10 00:00:00 UTC
8450754,e-pen Alquran miracle guidance,20,2021-03-10 00:00:00 UTC
14550422,bintang,20,2021-03-10 00:00:00 UTC
911386,Lelaki harimau,36,2021-03-10 00:00:00 UTC
14550349,Sapardi djoko damano,6,2021-03-10 00:00:00 UTC
584103,naomi klien,7,2021-03-10 00:00:00 UTC
848337,sma/ma kl.x ekonomi,60,2021-03-10 00:00:00 UTC
8739604,ferals,35,2021-03-10 00:00:00 UTC
399943,divergent,14,2021-03-10 00:00:00 UTC
140089,the most wanted,100,2021-03-10 00:00:00 UTC
14550431,terjemahan umdatul ahkam,80,2021-03-10 00:00:00 UTC
14550383,Bumi,40,2021-03-10 00:00:00 UTC
14550539,akasha after the rain,140,2021-03-10 00:00:00 UTC
7941142,entomologi pertanian,60,2021-03-10 00:00:00 UTC
12826837,inside out,10,2021-03-10 00:00:00 UTC
8623649,one piece 90,40,2021-03-10 00:00:00 UTC
7560894,Menu 30 hari untuk diabetisi,40,2021-03-10 00:00:00 UTC
12748388,Homemade snacks,40,2021-03-10 00:00:00 UTC
8406615,tsubasa,60,2021-03-10 00:00:00 UTC
14550539,Gabriel Garcia Marquez,3,2021-03-10 00:00:00 UTC
10425000,the wheel of surya,60,2021-03-10 00:00:00 UTC
7495509,narkoba,42,2021-03-10 00:00:00 UTC
7941330,TOEFL,140,2021-03-10 00:00:00 UTC
13980445,Big book matematika,76,2021-03-10 00:00:00 UTC
14550422,bintang komet,160,2021-03-10 00:00:00 UTC
524339,hidup apa adanya,20,2021-03-10 00:00:00 UTC
2056190,i want to eat,60,2021-03-10 00:00:00 UTC
7941142,MASTER EBI EJAAN BAHASA INDONESIA : DILENGKAPI DGN HOMOFON,20,2021-03-10 00:00:00 UTC
14550370,book,200,2021-03-10 00:00:00 UTC
860995,life-span development,40,2021-03-10 00:00:00 UTC
399943,my dark vanessa,60,2021-03-10 00:00:00 UTC
8746489,smart trader not gambler,40,2021-03-10 00:00:00 UTC
7580351,sains untuk anak 1,20,2021-03-10 00:00:00 UTC
10902241,marcella f p,60,2021-03-10 00:00:00 UTC
848337,sma/ma kl.10 ekonomi wajib,40,2021-03-10 00:00:00 UTC
848337,KEJAHATAN ,60,2021-03-10 00:00:00 UTC
8739604,manajemen strategis,60,2021-03-10 00:00:00 UTC
14550348,book,100,2021-03-10 00:00:00 UTC
7730507,secret history of the world,60,2021-03-10 00:00:00 UTC
848337,kamu berhak bahagia,60,2021-03-10 00:00:00 UTC
848337,honour,1,2021-03-10 00:00:00 UTC
9735747,the Odd 1S Out,200,2021-03-10 00:00:00 UTC
7813474,sebagian pengalaman yang saya ingat,100,2021-03-10 00:00:00 UTC
10425000,bebas takut hamil,140,2021-03-10 00:00:00 UTC
7506568,kamus bahasa indonesia inggris,20,2021-03-10 00:00:00 UTC
7813474,4 H,60,2021-03-10 00:00:00 UTC
10829090,dunia penerbanagan,20,2021-03-10 00:00:00 UTC
14550664,Komik sinbi house,260,2021-03-10 00:00:00 UTC
9167194,the way house husband,100,2021-03-10 00:00:00 UTC
14550534,the promis neverland,20,2021-03-10 00:00:00 UTC
7943483,butir-butir hikmah ibadah,40,2021-03-10 00:00:00 UTC
14550654,Moriarty the patriot,40,2021-03-10 00:00:00 UTC
8739604,pastry love,120,2021-03-10 00:00:00 UTC
7760739,kitab yang telah hilang,200,2021-03-10 00:00:00 UTC
9183504,THE BEST DRILLING ,20,2021-03-10 00:00:00 UTC
848337,sosiologi pendidikan,18,2021-03-10 00:00:00 UTC
3048717,Critical eleven,220,2021-03-10 00:00:00 UTC
10902241,saudagar lanit,25,2021-03-10 00:00:00 UTC
5996556,da vinci code,19,2021-03-10 00:00:00 UTC
12281047,chines is girl friend,20,2021-03-10 00:00:00 UTC
12418585,hukum administrasi nwgara,80,2021-03-10 00:00:00 UTC
8750474,opredo soft book buah pertamaku,60,2021-03-10 00:00:00 UTC
8739604,costumer experience,88,2021-03-10 00:00:00 UTC
7760739,freedom,80,2021-03-10 00:00:00 UTC
8739604,100 tokoh islam yang mengubah sejarah,240,2021-03-10 00:00:00 UTC
7943483,barrons,10,2021-03-10 00:00:00 UTC
7908795,mukjizat alquran,80,2021-03-10 00:00:00 UTC
7898867,Treasury Management,20,2021-03-10 00:00:00 UTC
14550358,rich dad poor dad,180,2021-03-10 00:00:00 UTC
7580351,kapita selekta hukum kedokteran,20,2021-03-10 00:00:00 UTC
14550638,book,40,2021-03-10 00:00:00 UTC
10714182,vegetarian,84,2021-03-10 00:00:00 UTC
14550654,Future diary,36,2021-03-10 00:00:00 UTC
10829090,OLIGARKI,2,2021-03-10 00:00:00 UTC
1321122,Spidol,180,2021-03-10 00:00:00 UTC
10853939,enak sih,38,2021-03-10 00:00:00 UTC
848337,sma/ma kl.10 ekonomi,80,2021-03-10 00:00:00 UTC
900710,Intisari,57,2021-03-10 00:00:00 UTC
14550534,naruto,260,2021-03-10 00:00:00 UTC
614715,Olimoiade Matematika,580,2021-03-10 00:00:00 UTC
1416843,sugeng istanto,2,2021-03-10 00:00:00 UTC
14550676,Gege akutami,5,2021-03-10 00:00:00 UTC
7941142,pepak basa madura,20,2021-03-10 00:00:00 UTC
4083457,tanya jawab seru,34,2021-03-10 00:00:00 UTC
14550459,Problem solving 101,100,2021-03-10 00:00:00 UTC
11039245,mob psycho,42,2021-03-10 00:00:00 UTC
524339,MORIARTY THE PATRIOT 4,320,2021-03-10 00:00:00 UTC
10380529,goodbye things,20,2021-03-10 00:00:00 UTC
14550590,They both die at the end,80,2021-03-10 00:00:00 UTC
7941142,METODE PENELITIAN ,20,2021-03-10 00:00:00 UTC
7813474,manajemen media massa,38,2021-03-10 00:00:00 UTC
911386,Silsilah duka,80,2021-03-10 00:00:00 UTC
7760739,boardbook pertamaku : hewan,120,2021-03-10 00:00:00 UTC
7506568,studi islam,20,2021-03-10 00:00:00 UTC
8460651,adel,4,2021-03-10 00:00:00 UTC
848337,muslim produktif,40,2021-03-10 00:00:00 UTC
7495509,narkotika,30,2021-03-10 00:00:00 UTC
14320541,ARAB MELAYU,51,2021-03-10 00:00:00 UTC
7760739,ekonomi makro,17,2021-03-10 00:00:00 UTC
14550664,Komik,40,2021-03-10 00:00:00 UTC
129922,mujirushi,2,2021-03-10 00:00:00 UTC
10829090,asas pembelajaran,40,2021-03-10 00:00:00 UTC
10714182,murder in the crooked house soji shimada,60,2021-03-10 00:00:00 UTC
8090844,smp kelas 2 ips,100,2021-03-10 00:00:00 UTC
9201322,hukum dagang,16,2021-03-10 00:00:00 UTC
524339,ensklopedia kapal pintar,20,2021-03-10 00:00:00 UTC
848337,rahasia bisnis orang china,60,2021-03-10 00:00:00 UTC
14550539,lore olympus,85,2021-03-10 00:00:00 UTC
7941102,islam sintesis,40,2021-03-10 00:00:00 UTC
9174535,hukum perusahaan,14,2021-03-10 00:00:00 UTC
7813474,pengalaman,80,2021-03-10 00:00:00 UTC
14550539,im not antagonist,20,2021-03-10 00:00:00 UTC
7813474,spy si,20,2021-03-10 00:00:00 UTC
12826837,doraemon,40,2021-03-10 00:00:00 UTC
14550539,Tujuh Kebiasaan Manusia yang Sangat Efektif,20,2021-03-10 00:00:00 UTC
14550539,The Last Lecture (Kuliah Terakhir),100,2021-03-10 00:00:00 UTC
9957887,the life changing,19,2021-03-10 00:00:00 UTC
7495509,kamus indonesia jerman,20,2021-03-10 00:00:00 UTC
7813474,driving me crazy,40,2021-03-10 00:00:00 UTC
11036960,statistika dasar,19,2021-03-10 00:00:00 UTC
740962,make it rght,3,2021-03-10 00:00:00 UTC
59677,Love be loved,20,2021-03-10 00:00:00 UTC
9176725,applikasi data base,80,2021-03-10 00:00:00 UTC
7580351,omnibus law,80,2021-03-10 00:00:00 UTC
7943483,dahsyatnya tumaninah,160,2021-03-10 00:00:00 UTC
8623649,one piece 22,20,2021-03-10 00:00:00 UTC
10971619,POKOK2 PPN PAJAK PERTAMBAHAN NILAI INDONESIA ED REV 2015,240,2021-03-10 00:00:00 UTC
583600,Desingning Your Life,20,2021-03-10 00:00:00 UTC
584103,perancangan wedding,20,2021-03-10 00:00:00 UTC
8496726,fish in the water,20,2021-03-10 00:00:00 UTC
7941142, madura,14,2021-03-10 00:00:00 UTC
14168569,krisis 2008,140,2021-03-10 00:00:00 UTC
8400829,Why,80,2021-03-10 00:00:00 UTC
7730507,the labyrinth,72,2021-03-10 00:00:00 UTC
14550326,Boy candra,100,2021-03-10 00:00:00 UTC
8218525,TTS Pilihan Kompas 16,17,2021-03-10 00:00:00 UTC
260959,Soal US,54,2021-03-10 00:00:00 UTC
793013,Refill drawing book ,40,2021-03-10 00:00:00 UTC
524339,HIDUP APA ADANYA,100,2021-03-10 00:00:00 UTC
433487,fairy tail 41,40,2021-03-10 00:00:00 UTC
14439406,5 seconds,38,2021-03-10 00:00:00 UTC
7760739,seri marbel belajar huruf dan angka,480,2021-03-10 00:00:00 UTC
848337,riset dan prinsip epideriset dan prinsip epidemiologimiologi,100,2021-03-10 00:00:00 UTC
374944,digital ego,40,2021-03-10 00:00:00 UTC
7495509,kamus jerman,60,2021-03-10 00:00:00 UTC
7065587,record of,80,2021-03-10 00:00:00 UTC
7941190,IF YOU KNOW WHEN,40,2021-03-10 00:00:00 UTC
14550527,DorA,39,2021-03-10 00:00:00 UTC
900710,Moriarty,60,2021-03-10 00:00:00 UTC
12632016,city of bone,240,2021-03-10 00:00:00 UTC
10242564,Valerie patkar,3,2021-03-10 00:00:00 UTC
14550539,manajemen keuangan teori konsep dan aplikasi,20,2021-03-10 00:00:00 UTC
14240801,bintang,40,2021-03-10 00:00:00 UTC
7580351,buku esensi puasa kh bahaudin,80,2021-03-10 00:00:00 UTC
12217258, Gabriel García Márquez,12,2021-03-10 00:00:00 UTC
646818,PSIKOLOGI KOMUNIKASI,40,2021-03-10 00:00:00 UTC
8090844,smp/mts erlangga ips sejarah,40,2021-03-10 00:00:00 UTC
14550404,excel bisnis,38,2021-03-10 00:00:00 UTC
9119342,BERANI TIDAK DISUKAI,20,2021-03-10 00:00:00 UTC
9119342,AMALAN RINGAN PALING MENAKJUBKAN,20,2021-03-10 00:00:00 UTC
740962,tanda tanya,57,2021-03-10 00:00:00 UTC
9183504,KOMUNIKASI LINTAS BUDAYA DALAM DINAMIKA KOMUNIKASI INTERNASIONAL,20,2021-03-10 00:00:00 UTC
7941142,agronomi,80,2021-03-10 00:00:00 UTC
911386,"Tuhan, izinkan aku menjadi pelacur",80,2021-03-10 00:00:00 UTC
7702335,enak sih tapi,38,2021-03-10 00:00:00 UTC
7813474,erlangga smp ipa,20,2021-03-10 00:00:00 UTC
7813474,PENDALAMAN BUKU TEKS TEMATIK,2,2021-03-10 00:00:00 UTC
10885526,DISNEY: BERMAIN STIKER AKTIVITAS MENAKJUBKAN,20,2021-03-10 00:00:00 UTC
9176725, THE POWER OF PERSONALITY DEVELOPMENT,60,2021-03-10 00:00:00 UTC
9336098,room,80,2021-03-10 00:00:00 UTC
966671,Sweetness And Lightning 3,20,2021-03-10 00:00:00 UTC
7898867,sukses pintar,20,2021-03-10 00:00:00 UTC
12217258,Atonement Ian McEwan,15,2021-03-10 00:00:00 UTC
11002757,belajar cara belajar,120,2021-03-10 00:00:00 UTC
14493189,PENGANTAR PASAR MODAL INDONESIA ,100,2021-03-10 00:00:00 UTC
14550539,feng shui,20,2021-03-10 00:00:00 UTC
9195195,book,20,2021-03-10 00:00:00 UTC
14550539,"Ekonomi pembangunan: teori, masalah, dan kebijakan",20,2021-03-10 00:00:00 UTC
8170794,indahnya keragaman di negeriku,120,2021-03-10 00:00:00 UTC
524339,teknik teknik statistik dalam,80,2021-03-10 00:00:00 UTC
10714182,efek jera,120,2021-03-10 00:00:00 UTC
848337,riset dan prinsip epidemiologi,20,2021-03-10 00:00:00 UTC
1015602,Hard cover,80,2021-03-10 00:00:00 UTC
12341248,wanted,60,2021-03-10 00:00:00 UTC
14550687,bandung,40,2021-03-10 00:00:00 UTC
7580351,hola espanol,10,2021-03-10 00:00:00 UTC
807513,panduan resmi tni polri,80,2021-03-10 00:00:00 UTC
13090454,MC donald,80,2021-03-10 00:00:00 UTC
9176725,TEORI HIERARKI NORMA HUKUM,100,2021-03-10 00:00:00 UTC
7943483,barons,1,2021-03-10 00:00:00 UTC
7813474,seni budaya sd,60,2021-03-10 00:00:00 UTC
9167194,The Album,320,2021-03-10 00:00:00 UTC
7708091,attack ob,6,2021-03-10 00:00:00 UTC
848337,a feminist manifesto,20,2021-03-10 00:00:00 UTC
8415545,A helwa,40,2021-03-10 00:00:00 UTC
8739604,akuntansi syariah di indonesia,60,2021-03-10 00:00:00 UTC
12418585,hukum administrasi neara,20,2021-03-10 00:00:00 UTC
7943483,pengantar teknik ,120,2021-03-10 00:00:00 UTC
14550658,Sejarah terbentuknya feminist,100,2021-03-10 00:00:00 UTC
10902241,buku hoax,100,2021-03-10 00:00:00 UTC
9119342,DAUN YANG JATUH TAK PERNAH MEMBENCI ANGIN,20,2021-03-10 00:00:00 UTC
10728985,detektif conan,20,2021-03-10 00:00:00 UTC
8460651,kejahatan dan penyimpangan seksual dalam perspektif hukum islam dan hukum positif indpnesoa,160,2021-03-10 00:00:00 UTC
163426,spy family,20,2021-03-10 00:00:00 UTC
8487189,spring,20,2021-03-10 00:00:00 UTC
659630,Holly black,280,2021-03-10 00:00:00 UTC
14550539,CERITA SPESIAL DORAEMON - CERITA SERAM,20,2021-03-10 00:00:00 UTC
12930590,buku bola voli,200,2021-03-10 00:00:00 UTC
10714182,life as divorcee,100,2021-03-10 00:00:00 UTC
7941330,Haikyu!!: Fly High! Volleyball! 20,19,2021-03-10 00:00:00 UTC
14550331,sprint,12,2021-03-10 00:00:00 UTC
7734837,telekomunikasi,90,2021-03-10 00:00:00 UTC
10242564,Syahid muhammad,120,2021-03-10 00:00:00 UTC
14439406,stiker,40,2021-03-10 00:00:00 UTC
13742377,Claymore,36,2021-03-10 00:00:00 UTC
399943,The Perks of Being a Wallflower,240,2021-03-10 00:00:00 UTC
9194110,ASIAN WATERS,112,2021-03-10 00:00:00 UTC
455340,Kain tradisional,30,2021-03-10 00:00:00 UTC
7814465,dragon,100,2021-03-10 00:00:00 UTC
11038989,Shadow skill,100,2021-03-10 00:00:00 UTC
8741613,majalh gadis,3,2021-03-10 00:00:00 UTC
14550539,fantastic beast and where to find them,20,2021-03-10 00:00:00 UTC
13742377,My hero academia 15,20,2021-03-10 00:00:00 UTC
133909,guru in a,40,2021-03-10 00:00:00 UTC
7760739,standard marker,420,2021-03-10 00:00:00 UTC
14550664,Komik sinbi,40,2021-03-10 00:00:00 UTC
14550539,Salvation of a Saint,20,2021-03-10 00:00:00 UTC
7065587,my hero academia,40,2021-03-10 00:00:00 UTC
766902,SELAMAT TINGGAL,119,2021-03-10 00:00:00 UTC
12457816,english grammar,60,2021-03-10 00:00:00 UTC
14550431,islamic banking law,20,2021-03-10 00:00:00 UTC
1416843,ustad sonny,2,2021-03-10 00:00:00 UTC
14550392,Attack on titan,18,2021-03-10 00:00:00 UTC
7760739,diet,340,2021-03-10 00:00:00 UTC
14550350, tere liye,5,2021-03-10 00:00:00 UTC
7734837,peternakan puyuh,60,2021-03-10 00:00:00 UTC
9176725,the power of personality,20,2021-03-10 00:00:00 UTC
10425000, Bagikan: Sejarah Kecil Petite Histoire Indonesia 4,140,2021-03-10 00:00:00 UTC
1416843,bumi manusia,20,2021-03-10 00:00:00 UTC
793013,Refill drawing book a5,100,2021-03-10 00:00:00 UTC
14550629,teman,100,2021-03-10 00:00:00 UTC
14550403,A man name dave,180,2021-03-10 00:00:00 UTC
860995,Pegangan Ilmu Pengetahuan Kosmetik,20,2021-03-10 00:00:00 UTC
14550331,the lean startup,60,2021-03-10 00:00:00 UTC
7813474,erlangga smp,40,2021-03-10 00:00:00 UTC
9176725," PROF. DR. JIMLY ASSHIDDIQIE, S.H.",4,2021-03-10 00:00:00 UTC
7580351,buku resep debm,20,2021-03-10 00:00:00 UTC
14550539,untangling emotions,10,2021-03-10 00:00:00 UTC
14550358,48 kekuasaan,80,2021-03-10 00:00:00 UTC
9735747,conan vs black organization book,140,2021-03-10 00:00:00 UTC
911386,The girl in the ice,20,2021-03-10 00:00:00 UTC
901407,Kevin kwan,14,2021-03-10 00:00:00 UTC
7943483,Sentya Putri,60,2021-03-10 00:00:00 UTC
7898867,metode penelitian manajemen,20,2021-03-10 00:00:00 UTC
584103,dear j,20,2021-03-10 00:00:00 UTC
7556648, MAKROEKONOMI ED 6,20,2021-03-10 00:00:00 UTC
14493369,unravel,1,2021-03-10 00:00:00 UTC
860995,And the Mountains Echoed,20,2021-03-10 00:00:00 UTC
7813474,sebagai pengalam yang saya ingat,60,2021-03-10 00:00:00 UTC
7556648,Senyawa,8,2021-03-10 00:00:00 UTC
1325518,menggambar mesin,20,2021-03-10 00:00:00 UTC
8121327,Eko Ivano,4,2021-03-10 00:00:00 UTC
13980445,Buku harian pencinta malaikat,100,2021-03-10 00:00:00 UTC
10425000,CONAN MOVIE,160,2021-03-10 00:00:00 UTC
2056190,i want,40,2021-03-10 00:00:00 UTC
7716716,entrepreneurship theory,20,2021-03-10 00:00:00 UTC
10829090,Anak Berkebutuhan Khusus,13,2021-03-10 00:00:00 UTC
9119342,HOW TO RESPECT MYSELF,20,2021-03-10 00:00:00 UTC
12550078,pensiun ready,40,2021-03-10 00:00:00 UTC
9191029,Buku sinar dunia,100,2021-03-10 00:00:00 UTC
125997,detektif kindaichi premium,20,2021-03-10 00:00:00 UTC
14550416,Komik,100,2021-03-10 00:00:00 UTC
10971619,komunikasi pemasaran,133,2021-03-10 00:00:00 UTC
7506568,uu no 5 tahun 2014 tentang aparatur sipil negara,182,2021-03-10 00:00:00 UTC
10876269,perancis,99,2021-03-10 00:00:00 UTC
13075582,Bimbingan dan konseling,40,2021-03-10 00:00:00 UTC
646818,PSIKOLOGI KOMUNIKASI EDISI REVISI,20,2021-03-10 00:00:00 UTC
13980445,Kamus bahasa indonesi,140,2021-03-10 00:00:00 UTC
7730507,psikolinguistik,20,2021-03-10 00:00:00 UTC
14550422,book,40,2021-03-10 00:00:00 UTC
8741613,pocket diary 2021,20,2021-03-10 00:00:00 UTC
7492760, Super Diktat Cat Cpns 2021-2022,40,2021-03-10 00:00:00 UTC
8208651,Selena,8,2021-03-10 00:00:00 UTC
14550590,Adam silvera,100,2021-03-10 00:00:00 UTC
848337,journal of terror,20,2021-03-10 00:00:00 UTC
7580351,demon slayer,102,2021-03-10 00:00:00 UTC
12217258,The Glass Room Simon Mawer,20,2021-03-10 00:00:00 UTC
7943483,Hukum Kesehatan ,60,2021-03-10 00:00:00 UTC
7506568,detektif kindaichi,40,2021-03-10 00:00:00 UTC
10425879,Esps ipa kls 5,40,2021-03-10 00:00:00 UTC
14493326,detective neuro,60,2021-03-10 00:00:00 UTC
14550441,Bulan,40,2021-03-10 00:00:00 UTC
10829090,TINDAK PIDANA KHUSUS. AZIZ SYAMSUDDIN,80,2021-03-10 00:00:00 UTC
140089,BAD ROMANCE,40,2021-03-10 00:00:00 UTC
11038989,One piece 78,60,2021-03-10 00:00:00 UTC
140089,if only,38,2021-03-10 00:00:00 UTC
7506568,e ultrecht,60,2021-03-10 00:00:00 UTC
8118608,spy x family,120,2021-03-10 00:00:00 UTC
9176725,misteri nona bertangan kidal,20,2021-03-10 00:00:00 UTC
524339,KEBUTUHAN DASAR MANUSIA : UNTUK MAHASISWA KEPERAWATAN,40,2021-03-10 00:00:00 UTC
7943483,buah manis,120,2021-03-10 00:00:00 UTC
1842019,Pendidikan Antikorupsi di perguruan tinggi..Prof Dr. Azyumardi Azra..,40,2021-03-10 00:00:00 UTC
14550676,Attack on titan final action,12,2021-03-10 00:00:00 UTC
433487,one piece 64,80,2021-03-10 00:00:00 UTC
253885,PERJALANAN,40,2021-03-10 00:00:00 UTC
12418585,the promised neverland,120,2021-03-10 00:00:00 UTC
12860627,Kaguya sama,160,2021-03-10 00:00:00 UTC
7760739,filsafat,40,2021-03-10 00:00:00 UTC
1653680,Bicara itu ada seninya,20,2021-03-10 00:00:00 UTC
14550714,How to respect myself,60,2021-03-10 00:00:00 UTC
13980445,On writing6,120,2021-03-10 00:00:00 UTC
4083457,calm,9,2021-03-10 00:00:00 UTC
543966,cokunfu boy 27,20,2021-03-10 00:00:00 UTC
9119342,mantappu,1,2021-03-10 00:00:00 UTC
14493326,branding,20,2021-03-10 00:00:00 UTC
7506568, doa sang kakak,20,2021-03-10 00:00:00 UTC
7813474,spy sy,40,2021-03-10 00:00:00 UTC
14550539,the auto biografi malcom,260,2021-03-10 00:00:00 UTC
8170794,cara tepat berdebat secara cerdas,120,2021-03-10 00:00:00 UTC
8176114,kesehatan perempuan dan perencanaan keluarga,80,2021-03-10 00:00:00 UTC
14550681,sejarah palestina,80,2021-03-10 00:00:00 UTC
14550431,cyber law,20,2021-03-10 00:00:00 UTC
614715,Olimpiade,7,2021-03-10 00:00:00 UTC
1416843,mariposa 2,20,2021-03-10 00:00:00 UTC
7943483,pahala ibadah,20,2021-03-10 00:00:00 UTC
790881,juki,20,2021-03-10 00:00:00 UTC
9202464,book,120,2021-03-10 00:00:00 UTC
8310036,the promised neverland,20,2021-03-10 00:00:00 UTC
7580351,menangkap rubah merah,120,2021-03-10 00:00:00 UTC
8497271,shooting star,60,2021-03-10 00:00:00 UTC
848337,intan pariwara,6,2021-03-10 00:00:00 UTC
8450754,percy Jackson the battle of the labirinth,20,2021-03-10 00:00:00 UTC
848337,sma/ma kl.10,100,2021-03-10 00:00:00 UTC
1019380,Jalan terjal perubahan,40,2021-03-10 00:00:00 UTC
8450754, kontruksi test kemampuan kongnitif,20,2021-03-10 00:00:00 UTC
9119342,JIKA KITA TAK PERNAH BAIK-BAIK SAJA,20,2021-03-10 00:00:00 UTC
12706659,Moriarty,30,2021-03-10 00:00:00 UTC
14550664,Komik sinbi houss,40,2021-03-10 00:00:00 UTC
14550539,attack on titan before,24,2021-03-10 00:00:00 UTC
12418585,nanda 2018-2020,65,2021-03-10 00:00:00 UTC
337632,PULSA,2,2021-03-10 00:00:00 UTC
7760739,rumah miss peregrine,80,2021-03-10 00:00:00 UTC
8460651,my possesive husband,340,2021-03-10 00:00:00 UTC
7556648,MAKROEKONOMI,7,2021-03-10 00:00:00 UTC
807513,pemuliaan tanaman,140,2021-03-10 00:00:00 UTC
793013,Lyra,120,2021-03-10 00:00:00 UTC
524339,blead 74,7,2021-03-10 00:00:00 UTC
7947773,book,20,2021-03-10 00:00:00 UTC
7580351,BUKU PERTAMAKU,20,2021-03-10 00:00:00 UTC
7506568,undang-undang pelayanan publik,40,2021-03-10 00:00:00 UTC
8481228,keluarga super irit,40,2021-03-10 00:00:00 UTC
14320541,IKHLAS PALING SERIUS,160,2021-03-10 00:00:00 UTC
14550534,naruto vol 70,100,2021-03-10 00:00:00 UTC
8739604,experiential marketing,120,2021-03-10 00:00:00 UTC
793013,Drawing book,80,2021-03-10 00:00:00 UTC
332649,berhitung,40,2021-03-10 00:00:00 UTC
583600,Argumentasi dan Narasi,20,2021-03-10 00:00:00 UTC
9194110,supernova,84,2021-03-10 00:00:00 UTC
14493076,Spy x family,80,2021-03-10 00:00:00 UTC
7813474,erlangga,20,2021-03-10 00:00:00 UTC
14550538,book,80,2021-03-10 00:00:00 UTC
14550615,kungfu boy,55,2021-03-10 00:00:00 UTC
8218525, ekonomi 3b,20,2021-03-10 00:00:00 UTC
1842019,Pendidikan Antikorupsi di perguruan tinggi,40,2021-03-10 00:00:00 UTC
14550539,the auto biografi malcolm x,100,2021-03-10 00:00:00 UTC
966671,yugioh premium,26,2021-03-10 00:00:00 UTC
14492954,sang alkemi,40,2021-03-10 00:00:00 UTC
8460651,seni menipu,20,2021-03-10 00:00:00 UTC
8460651,possesive,45,2021-03-10 00:00:00 UTC
433487,fairy tail,80,2021-03-10 00:00:00 UTC
8750474,KOMIK NEXT G LET`S STUDY HARD RPL,220,2021-03-10 00:00:00 UTC
7506568,bts marriage life,40,2021-03-10 00:00:00 UTC
10604254,ensiklopedia,40,2021-03-10 00:00:00 UTC
14550431,fiqh muamalah kontemporer,40,2021-03-10 00:00:00 UTC
7580351,rekayasa perangkat lunak,100,2021-03-10 00:00:00 UTC
9229966,The Journey Of#FitTyaAriestya,20,2021-03-10 00:00:00 UTC
9229966,psikotest tni polri,40,2021-03-10 00:00:00 UTC
14550539,diet ketogenik,20,2021-03-10 00:00:00 UTC
14550466,Ipd,2,2021-03-10 00:00:00 UTC
11039245,haikyu,20,2021-03-10 00:00:00 UTC
14550629,live,180,2021-03-10 00:00:00 UTC
14320519,Buku panduan pandu,60,2021-03-10 00:00:00 UTC
7943483,marugoto,40,2021-03-10 00:00:00 UTC
14492954,secangkir teh hangat,57,2021-03-10 00:00:00 UTC
7065587,tokyo ghoul,100,2021-03-10 00:00:00 UTC
399943,Fangirl,7,2021-03-10 00:00:00 UTC
8214719,fisiologi tumbuhan,234,2021-03-10 00:00:00 UTC
14550714,Whats wrong about your self,160,2021-03-10 00:00:00 UTC
10885526,OPREDO BILINGUAL BIG BOOK: SMART BABY - COLORS,20,2021-03-10 00:00:00 UTC
13254801,grit,3,2021-03-10 00:00:00 UTC
13075582,Dasar-dasar bimbingan dan konseling,40,2021-03-10 00:00:00 UTC
7941142,kesuburan tanah,20,2021-03-10 00:00:00 UTC
10902241,kamu terlalu banyak bercanda,8,2021-03-10 00:00:00 UTC
7898867,toefl longman,80,2021-03-10 00:00:00 UTC
14550573,Novel dignitate,180,2021-03-10 00:00:00 UTC
584103,perancangan conventation hall,100,2021-03-10 00:00:00 UTC
7943483,etika dalam bisnis dan profesi akuntan,20,2021-03-10 00:00:00 UTC
7730507,jonathan black,220,2021-03-10 00:00:00 UTC
332649,masuk sd,26,2021-03-10 00:00:00 UTC
14320541,metodologi penelitian,20,2021-03-10 00:00:00 UTC
14550539,doraemon,52,2021-03-10 00:00:00 UTC
7813474,erlangga sd,40,2021-03-10 00:00:00 UTC
10425000,rosihan anwar,14,2021-03-10 00:00:00 UTC
9229966,sbmptn,100,2021-03-10 00:00:00 UTC
14550451,ekonomi makro,45,2021-03-10 00:00:00 UTC
7943483,good manufacturing,200,2021-03-10 00:00:00 UTC
7506568,BTS Marriage Life,20,2021-03-10 00:00:00 UTC
9176725, JIMLY ASSHIDDIQIE,8,2021-03-10 00:00:00 UTC
7506568,The School for Good and Evil 5 : a crystal of time,20,2021-03-10 00:00:00 UTC
14550404,manajemen,140,2021-03-10 00:00:00 UTC
14550381,tuhan tidak perlu dibela,80,2021-03-10 00:00:00 UTC
9336098,room emma ,80,2021-03-10 00:00:00 UTC
7734837,oxford grammar,340,2021-03-10 00:00:00 UTC
9330326,my hero academia,20,2021-03-10 00:00:00 UTC
8208651,Komet minor,21,2021-03-10 00:00:00 UTC
10829090,PENGELOLAAN UANG DAERAH,20,2021-03-10 00:00:00 UTC
909457,Oxford dictionary,100,2021-03-10 00:00:00 UTC
1570955,Little woman,19,2021-03-10 00:00:00 UTC
1169423,king,20,2021-03-10 00:00:00 UTC
12930590,how to read a book,340,2021-03-10 00:00:00 UTC
9176725,HIERARKI NORMA HUKUM ,20,2021-03-10 00:00:00 UTC
1416843,TARIAN BUMI,19,2021-03-10 00:00:00 UTC
14550389,Rivan kurniawan,3,2021-03-10 00:00:00 UTC
13254801,kiyosaki,8,2021-03-10 00:00:00 UTC
8750613,Pengantar ilmu perpustakaan,40,2021-03-10 00:00:00 UTC
10714182,how to respect myself,40,2021-03-10 00:00:00 UTC
7580351,menikmati kepergianmu,54,2021-03-10 00:00:00 UTC
12217258,Gone with the Wind Margaret Mitchell,60,2021-03-10 00:00:00 UTC
8460651,kejahatan dan penyimpangan seksual,440,2021-03-10 00:00:00 UTC
9170788,DESA KEMENTRIAN,20,2021-03-10 00:00:00 UTC
7761092,Aroma katsa,60,2021-03-10 00:00:00 UTC
14550403,Dave pelzer,22,2021-03-10 00:00:00 UTC
8237332,detektif conan,40,2021-03-10 00:00:00 UTC
8196962,tezuka,2,2021-03-10 00:00:00 UTC
8741613,teks ekonomi 3b penulis : Eri susan,60,2021-03-10 00:00:00 UTC
911386,pintu terlarang,40,2021-03-10 00:00:00 UTC
7943483,attack on titan before,6,2021-03-10 00:00:00 UTC
9202704,demon slayer,20,2021-03-10 00:00:00 UTC
7580351,hukum perdagangan internasional,90,2021-03-10 00:00:00 UTC
3048717,Andrea hirata,2,2021-03-10 00:00:00 UTC
9167194,haikyu,12,2021-03-10 00:00:00 UTC
7943483,engineering,55,2021-03-10 00:00:00 UTC
7734837,given,88,2021-03-10 00:00:00 UTC
7943483,Hukum Kesehatan Sengketa Medik,40,2021-03-10 00:00:00 UTC
9194110,SERAPH OF THE END 14,20,2021-03-10 00:00:00 UTC
583600,the davinci coe,80,2021-03-10 00:00:00 UTC
12418585,hukum pidana,100,2021-03-10 00:00:00 UTC
10425000,five nights at freddy,120,2021-03-10 00:00:00 UTC
14550580,hai miiko,40,2021-03-10 00:00:00 UTC
848337,pemasaran islam,80,2021-03-10 00:00:00 UTC
14550658,Kepemimpinam wanita dalam islam,60,2021-03-10 00:00:00 UTC
14439596,Etika bisnis dan profesi,60,2021-03-10 00:00:00 UTC
12550078,pensiun happy,60,2021-03-10 00:00:00 UTC
1169423,dewa ruci,32,2021-03-10 00:00:00 UTC
12271836,tuhan maaf engkau ku madu,80,2021-03-10 00:00:00 UTC
14550539,detektif conan,20,2021-03-10 00:00:00 UTC
7813474,Pengambilan keputusan Strategis,20,2021-03-10 00:00:00 UTC
11029540,kun bil,80,2021-03-10 00:00:00 UTC
433487,fairy tail 28,20,2021-03-10 00:00:00 UTC
10971619,MENULIS ARTIKEL,40,2021-03-10 00:00:00 UTC
9119342,BICARA ITU ADA SENINYA,20,2021-03-10 00:00:00 UTC
10885482,Manga,102,2021-03-10 00:00:00 UTC
14550431,asuransi syariah,72,2021-03-10 00:00:00 UTC
7941142,FIKIH TATA NEGARA,20,2021-03-10 00:00:00 UTC
14550461,Seven Deadly Sins,40,2021-03-10 00:00:00 UTC
7506568,yona 21,18,2021-03-10 00:00:00 UTC
7506568,jadoo,36,2021-03-10 00:00:00 UTC
337632,JAMES PARDOE ,120,2021-03-10 00:00:00 UTC
7941330,HAIKYU!!: FLY HIGH! VOLLEYBALL! 19,20,2021-03-10 00:00:00 UTC
860995,Mountains Echoed,14,2021-03-10 00:00:00 UTC
9176725,konstitusi dan konstitusionalisme,60,2021-03-10 00:00:00 UTC
7943483,bisnis dan profesi akuntan,200,2021-03-10 00:00:00 UTC
848337,mentalitas pembangunan,40,2021-03-10 00:00:00 UTC
7724028,bioetika,1,2021-03-10 00:00:00 UTC
9167194,resep antigagal kursus,76,2021-03-10 00:00:00 UTC
13090609,Attack on,30,2021-03-10 00:00:00 UTC
543966,conan,20,2021-03-10 00:00:00 UTC
567484,One Piece ,20,2021-03-10 00:00:00 UTC
10971619,seni berbagi kepada siapa saja,20,2021-03-10 00:00:00 UTC
14550539,ruler of the land 77,40,2021-03-10 00:00:00 UTC
14550453,Attack on titah before the fall,70,2021-03-10 00:00:00 UTC
7832329,kepiting,8,2021-03-10 00:00:00 UTC
14550466,Ilmu penyakit dala.,60,2021-03-10 00:00:00 UTC
7813474,PENDALAMAN BUKU TEKS,60,2021-03-10 00:00:00 UTC
543966,kungfu boy,2,2021-03-10 00:00:00 UTC
12217258,SERATUS TAHUN KESUNYIAN (ONE HUNDRED YEARS OF SOLITUDE) GABRIEL GARCIA MARQUEZ,20,2021-03-10 00:00:00 UTC
9119342,hujan,60,2021-03-10 00:00:00 UTC
848337,fonologi,4,2021-03-10 00:00:00 UTC
8237332,Jujutsu,8,2021-03-10 00:00:00 UTC
6733026,attack on titan,36,2021-03-10 00:00:00 UTC
7941190,nona teh,180,2021-03-10 00:00:00 UTC
14240884,Gyo,6,2021-03-10 00:00:00 UTC
7580351,kitab undang-undang hukum pidana,160,2021-03-10 00:00:00 UTC
911386,Suicide knot,28,2021-03-10 00:00:00 UTC
7943483,fikih hadas,40,2021-03-10 00:00:00 UTC
10425000,SENI BERBICARA ASYIK,20,2021-03-10 00:00:00 UTC
14550539,malcolm,14,2021-03-10 00:00:00 UTC
10712098,slam dunk,15,2021-03-10 00:00:00 UTC
109924,Komik mnc,20,2021-03-10 00:00:00 UTC
9174535,hukum kemaritiman,80,2021-03-10 00:00:00 UTC
8481509,Tere l,20,2021-03-10 00:00:00 UTC
14550459,Biografi,20,2021-03-10 00:00:00 UTC
9194110,"HEY, I'M POPULAR 12",19,2021-03-10 00:00:00 UTC
14550370,book,60,2021-03-10 00:00:00 UTC
260959,latihan soal us,20,2021-03-10 00:00:00 UTC
7506568,bahasa indonesia-inggris dan inggris-indonesia,100,2021-03-10 00:00:00 UTC
911386,Gagal menjadi manusia,40,2021-03-10 00:00:00 UTC
7580351,teknik informatika,60,2021-03-10 00:00:00 UTC
7065587,one punch man,40,2021-03-10 00:00:00 UTC
337632,SUKSES BERINVESTASI ALA BUFFETT,100,2021-03-10 00:00:00 UTC
7943483,attack before,36,2021-03-10 00:00:00 UTC
7506568,BERHENTI DI KAMU,19,2021-03-10 00:00:00 UTC
14550461,Violet evergarden,160,2021-03-10 00:00:00 UTC
8218525,Tata Bentuk Bahasa Indonesia,20,2021-03-10 00:00:00 UTC
12217258,The Quickening Maze Adam Foulds,60,2021-03-10 00:00:00 UTC
7943483,resep pitzza,100,2021-03-10 00:00:00 UTC
14550658,Feminist,16,2021-03-10 00:00:00 UTC
10902241,bleeding love,220,2021-03-10 00:00:00 UTC
9231432,Vegetarian,70,2021-03-10 00:00:00 UTC
7580351,tulisan sastra,20,2021-03-10 00:00:00 UTC
12706551,demon slayer,60,2021-03-10 00:00:00 UTC
14552318,Smart Trader Rich Investor,20,2021-03-10 00:00:00 UTC
12281047,ilmu gizi,52,2021-03-10 00:00:00 UTC
12860627,record of ragnarok,80,2021-03-10 00:00:00 UTC
12131243,Attack on Titan,36,2021-03-10 00:00:00 UTC
12930590,ao haru,68,2021-03-10 00:00:00 UTC
14550534,komik naruto vol 70,40,2021-03-10 00:00:00 UTC
140089,be the new you,40,2021-03-10 00:00:00 UTC
8090844,smp kelas 2 sejarah,40,2021-03-10 00:00:00 UTC
324879,KIMBAB FAMILY,20,2021-03-10 00:00:00 UTC
14550539,han yu 1,40,2021-03-10 00:00:00 UTC
10714182,vegetarian hang kang,152,2021-03-10 00:00:00 UTC
14550627,book,40,2021-03-10 00:00:00 UTC
14550539,Randang Bundo,22,2021-03-10 00:00:00 UTC
9170788,I HATE DIET,60,2021-03-10 00:00:00 UTC
8623649,one piece 87,20,2021-03-10 00:00:00 UTC
659630,The last lecture,280,2021-03-10 00:00:00 UTC
9199100,kungfu+boy+legends,128,2021-03-10 00:00:00 UTC
1416843,HUKUM KRIMINOLOGI,40,2021-03-10 00:00:00 UTC
584103,yona,20,2021-03-10 00:00:00 UTC
